GROUP,PACKAGE,CLASS,INSTRUCTION_MISSED,INSTRUCTION_COVERED,BRANCH_MISSED,BRANCH_COVERED,LINE_MISSED,LINE_COVERED,COMPLEXITY_MISSED,COMPLEXITY_COVERED,METHOD_MISSED,METHOD_COVERED
sms-backend,com.turggut.sms.student.web,StudentController,0,45,0,0,0,10,0,7,0,7
sms-backend,com.turggut.sms.fee.domain,Fee,0,6,0,0,0,1,0,1,0,1
sms-backend,com.turggut.sms.fee.domain,FeeStatus,0,33,0,0,0,6,0,1,0,1
sms-backend,com.turggut.sms.teacher.service,TeacherService,18,276,7,15,4,60,6,16,0,11
sms-backend,com.turggut.sms.fee.service,FeeService,6,252,2,16,0,52,3,18,1,11
sms-backend,com.turggut.sms.course.service,CourseService,13,259,5,11,2,51,5,18,1,14
sms-backend,com.turggut.sms.student.service,StudentService,25,366,10,20,5,81,10,20,1,14
sms-backend,com.turggut.sms.iam.domain,User,0,12,1,3,0,1,1,2,0,1
sms-backend,com.turggut.sms.iam.domain,Role,0,25,0,0,0,5,0,2,0,2
sms-backend,com.turggut.sms.iam.domain,RefreshToken,0,15,1,3,0,2,1,3,0,2
sms-backend,com.turggut.sms.shared.config,SecurityConfig,0,253,0,0,0,43,0,18,0,18
sms-backend,com.turggut.sms.shared.config,AppProperties.Bootstrap,0,12,0,0,0,1,0,1,0,1
sms-backend,com.turggut.sms.shared.config,AppProperties.Security,0,15,0,0,0,1,0,1,0,1
sms-backend,com.turggut.sms.shared.config,AppProperties.RateLimit,0,9,0,0,0,1,0,1,0,1
sms-backend,com.turggut.sms.shared.config,AppProperties.Jwt,0,15,0,0,0,1,0,1,0,1
sms-backend,com.turggut.sms.shared.config,OpenApiConfig,0,38,0,0,0,12,0,2,0,2
sms-backend,com.turggut.sms.shared.config,AppProperties.Password,0,12,0,0,0,1,0,1,0,1
sms-backend,com.turggut.sms.shared.config,AppProperties.Cors,0,6,0,0,0,1,0,1,0,1
sms-backend,com.turggut.sms.shared.config,AppProperties,0,9,0,0,0,1,0,1,0,1
sms-backend,com.turggut.sms.shared.config,AppConfig,0,3,0,0,0,1,0,1,0,1
sms-backend,com.turggut.sms.shared.config,Bootstrap,1,45,1,1,1,14,1,2,0,2
sms-backend,com.turggut.sms.shared.domain,BaseAuditedEntity,0,3,0,0,0,1,0,1,0,1
sms-backend,com.turggut.sms.iam.dto,RefreshRequest,0,6,0,0,0,1,0,1,0,1
sms-backend,com.turggut.sms.iam.dto,AuthResponse,0,15,0,0,0,1,0,1,0,1
sms-backend,com.turggut.sms.iam.dto,PasswordChangeRequest,0,9,0,0,0,1,0,1,0,1
sms-backend,com.turggut.sms.iam.dto,AuthResponse.UserInfo,0,18,0,0,0,1,0,1,0,1
sms-backend,com.turggut.sms.iam.dto,LoginRequest,0,9,0,0,0,1,0,1,0,1
sms-backend,com.turggut.sms.enrollment.service,EnrollmentService,0,201,1,9,0,48,1,14,0,10
sms-backend,com.turggut.sms.enrollment.service,GradeCalculator,0,164,0,42,0,33,0,29,0,4
sms-backend,com.turggut.sms.student.domain,Student,0,6,0,0,0,1,0,1,0,1
sms-backend,com.turggut.sms.teacher.dto,TeacherRequest,0,27,0,0,0,1,0,1,0,1
sms-backend,com.turggut.sms.teacher.dto,TeacherResponse,0,60,0,0,0,12,0,2,0,2
sms-backend,com.turggut.sms.fee.web,FeeController,6,59,0,2,0,12,2,8,2,7
sms-backend,com.turggut.sms.enrollment.web,EnrollmentController,6,55,0,0,0,13,2,7,2,7
sms-backend,com.turggut.sms.reporting.dto,TranscriptResponse.SemesterBlock,0,15,0,0,0,1,0,1,0,1
sms-backend,com.turggut.sms.reporting.dto,TranscriptResponse,0,30,0,0,0,1,0,1,0,1
sms-backend,com.turggut.sms.reporting.dto,SummaryReport,0,33,0,0,0,1,0,1,0,1
sms-backend,com.turggut.sms.iam.service,AuthSecurityService,0,61,0,2,0,13,0,5,0,4
sms-backend,com.turggut.sms.iam.service,AuthService,48,518,15,28,5,105,15,27,2,18
sms-backend,com.turggut.sms.teacher.web,TeacherController,0,29,0,0,0,6,0,5,0,5
sms-backend,com.turggut.sms.iam.web,AuthController,0,41,0,2,0,10,0,7,0,6
sms-backend,com.turggut.sms.shared.security,AuthenticatedUser,14,35,2,0,4,9,5,2,4,2
sms-backend,com.turggut.sms.shared.security,JwtTokenProvider,0,107,0,2,0,32,0,6,0,5
sms-backend,com.turggut.sms.shared.security,RequestIdFilter,7,26,5,1,0,9,3,2,0,2
sms-backend,com.turggut.sms.shared.security,CustomUserDetailsService,18,0,0,0,3,0,2,0,2,0
sms-backend,com.turggut.sms.shared.security,RateLimitingFilter,4,145,2,14,1,32,2,11,0,5
sms-backend,com.turggut.sms.shared.security,JwtAuthenticationFilter,7,91,4,8,3,22,4,6,0,4
sms-backend,com.turggut.sms.shared.security,SecurityUtils,0,37,1,5,0,6,1,5,0,3
sms-backend,com.turggut.sms.reporting.web,ReportController,6,40,0,0,0,8,2,5,2,5
sms-backend,com.turggut.sms.reporting.service,AuditLogService,26,144,7,11,4,33,6,10,0,7
sms-backend,com.turggut.sms.reporting.service,ReportService,2,104,1,3,0,21,1,5,0,4
sms-backend,com.turggut.sms.reporting.service,TranscriptService,0,210,1,13,0,47,1,9,0,3
sms-backend,com.turggut.sms.teacher.domain,Teacher,0,6,0,0,0,1,0,1,0,1
sms-backend,com.turggut.sms.course.web,CourseController,6,44,0,2,1,10,1,8,1,7
sms-backend,com.turggut.sms.enrollment.domain,EnrollmentStatus,0,27,0,0,0,5,0,1,0,1
sms-backend,com.turggut.sms.enrollment.dto,GradeRequest,0,9,0,0,0,1,0,1,0,1
sms-backend,com.turggut.sms.enrollment.dto,EnrollmentRequest,0,12,0,0,0,1,0,1,0,1
sms-backend,com.turggut.sms.enrollment.dto,EnrollmentResponse,4,95,1,1,0,17,1,2,0,2
sms-backend,com.turggut.sms.shared.dto,PageResponse,0,34,0,0,0,7,0,2,0,2
sms-backend,com.turggut.sms.fee.dto,FeeRequest,0,18,0,0,0,1,0,1,0,1
sms-backend,com.turggut.sms.fee.dto,FeeResponse,0,71,0,0,0,14,0,2,0,2
sms-backend,com.turggut.sms.fee.dto,PaymentRequest,0,6,0,0,0,1,0,1,0,1
sms-backend,com.turggut.sms.course.dto,CourseRequest,0,27,0,0,0,1,0,1,0,1
sms-backend,com.turggut.sms.course.dto,CourseResponse,0,69,0,4,0,12,0,4,0,2
sms-backend,com.turggut.sms.shared.exception,ApiException,7,38,0,0,1,8,1,5,1,5
sms-backend,com.turggut.sms.shared.exception,GlobalExceptionHandler,46,94,1,3,9,19,5,7,4,6
sms-backend,com.turggut.sms,SmsApplication,5,3,0,0,2,1,1,1,1,1
sms-backend,com.turggut.sms.student.dto,StudentRequest,0,36,0,0,0,1,0,1,0,1
sms-backend,com.turggut.sms.student.dto,StudentResponse,0,75,0,0,0,15,0,2,0,2
